num_regular_instances,num_regular_services,ds,num_illfitting_instances,num_illfitting_services,num_regular_deprecation,num_illfitting_deprecation,num_regular_creation,num_illfitting_creation
9572258,7134,2022-06-22,721335,9891,8,425,17,663
11217130,7476,2022-12-20,1113477,11249,5,361,9,78
8175158,6070,2021-08-26,355493,7911,8,65,26,623
8084106,5832,2021-07-27,355633,10210,2,116,17,198
7308163,5610,2021-03-23,130027,2848,3,107,22,195
9642794,7064,2022-07-07,695176,9831,6,403,20,603
9007023,6573,2022-01-31,380631,6704,5,289,11,361
10870818,7459,2022-11-17,1129526,11835,8,321,11,362
9038422,6564,2022-01-07,401596,7695,0,150,7,138
8178606,6020,2021-08-19,342161,8665,8,1426,9,163
9274622,6873,2022-04-15,610441,8744,3,402,12,480
8066678,5760,2021-06-26,313180,10566,1,67,0,96
9995851,7229,2022-09-01,765306,9297,0,546,13,496
8686938,6175,2021-09-29,399052,10760,36,112,18,192
9434299,7121,2022-06-20,654590,9367,6,237,15,367
9135759,6698,2022-03-13,509116,8420,3,240,2,202
9607086,7025,2022-06-29,729233,9758,3,335,23,445
9533202,7004,2022-06-26,720128,9199,10,281,2,259
10377915,7269,2022-09-29,893558,10254,2,446,21,649
9169651,6738,2022-03-21,496509,7944,6,258,10,376
10640837,7424,2022-10-25,1010596,11668,4,499,21,497
9010697,6581,2022-01-15,400486,7484,1,224,0,293
8111359,5755,2021-07-07,333465,9201,5,49,28,144
8086462,5790,2021-07-15,338226,9475,20,70,15,130
7852440,5683,2021-05-07,225957,7163,0,0,36,78
8799573,6250,2021-10-15,411158,10397,10,325,7,173
8167682,5966,2021-08-16,349285,10137,4,88,12,111
7240808,5568,2021-03-17,111844,2355,9,12,14,212
8052313,5972,2021-07-18,325371,9697,2,86,0,69
10307013,7276,2022-10-02,885391,10719,10,409,4,321
10042743,7215,2022-08-24,770215,9638,8,393,27,432
8088161,5858,2021-07-28,350226,10221,3,133,23,156
9353087,6911,2022-04-26,593113,7984,2,271,13,373
9623402,7114,2022-07-17,704403,10625,5,354,8,351
9733944,7127,2022-07-23,762036,10396,0,519,9,609
8002037,5670,2021-06-01,268836,11404,9,270,22,410
8024683,5655,2021-05-21,294467,9784,0,232,15,1368
8031778,5744,2021-06-16,355435,13008,14,149,48,409
10791374,7413,2022-11-28,1027329,11115,6,85,9,67
10707858,7444,2022-11-11,1081497,12059,0,349,12,383
10202174,7231,2022-09-08,743942,9299,5,394,13,447
9005871,6536,2022-02-27,362533,5593,0,279,0,206
8010756,5659,2021-05-20,291518,8954,10,47,14,870
9517482,7116,2022-06-12,673601,8992,3,339,1,279
9226663,6813,2022-03-29,549085,8904,8,1122,17,253
8957515,6558,2021-12-29,410426,7910,3,187,7,172
7785151,5807,2021-07-21,346928,9862,5,57,16,137
7832456,5685,2021-05-10,232929,7626,10,340,10,229
8001022,5693,2021-05-15,269135,7578,1,38,2,180
9658017,7166,2022-07-30,756412,10716,0,374,5,353
8733888,6485,2021-11-19,478555,8345,5,586,9,334
10716992,7416,2022-11-13,1040884,12063,3,474,7,432
9006817,6575,2022-01-22,386111,6921,0,312,5,196
7591451,5661,2021-04-09,189494,4743,7,121,19,567
9010694,6580,2022-01-12,411474,7931,4,356,5,428
8682533,6471,2021-11-17,460861,8197,6,559,20,394
9408192,7067,2022-05-31,619078,8462,19,322,11,445
8778250,6300,2021-10-20,403804,10060,14,275,40,518
8795005,6312,2021-10-22,476065,10042,0,132,21,295
9997272,7241,2022-08-31,774281,9663,10,446,11,404
8617097,6119,2021-09-18,407534,10756,3,166,1,143
9727491,7099,2022-07-13,746520,10408,13,366,19,571
8044025,5756,2021-06-17,370567,13211,13,320,18,203
10327468,7253,2022-09-27,834921,10130,5,1006,17,865
9824589,7210,2022-08-10,734760,9757,8,648,16,406
8976468,6553,2022-01-02,410916,7891,0,152,0,113
10528736,7319,2022-10-07,927072,11168,0,394,11,577
8785453,6282,2021-10-16,403385,10261,0,219,27,346
8251414,6080,2021-08-30,415769,10519,2,650,5,174
10325492,7211,2022-09-28,811743,9331,11,437,44,707
9679526,7049,2022-07-12,718481,9698,8,312,30,483
9700709,7115,2022-07-14,739220,10722,11,529,20,536
9754664,7140,2022-07-27,746370,10596,8,462,28,716
8149492,5890,2021-08-07,362515,10087,1,99,7,119
8032173,5672,2021-05-26,287201,11105,19,218,19,288
7133487,5499,2021-03-02,108453,2030,3,18,18,13
8103407,5677,2021-06-02,278423,11666,8,604,23,895
9583776,7125,2022-06-16,674025,9034,4,450,12,428
8254311,6132,2021-09-05,402666,10214,2,113,2,121
10746545,7413,2022-11-14,1026159,12026,9,520,15,503
9220166,6748,2022-03-18,523463,8194,0,264,5,354
10737066,7439,2022-11-03,1087574,12384,10,951,19,398
8028991,5723,2021-06-12,351693,12657,0,255,2,318
9007036,6574,2022-01-29,380877,6716,0,262,3,262
8011517,5752,2021-06-20,343880,13332,7,156,0,0
8859593,6522,2021-12-10,443552,8145,2,292,9,377
11159686,7459,2022-12-18,1088191,11517,9,198,4,17
10013426,7203,2022-09-05,704755,9426,14,390,4,266
7235247,5585,2021-03-15,111932,2338,32,14,0,53
8941980,6541,2021-12-30,405496,7716,1,172,7,131
7750513,5746,2021-06-21,340807,13147,2,25,12,60
8178822,6030,2021-08-20,335338,7329,3,101,27,175
7197706,5528,2021-03-04,111692,2051,16,10,2619,149
8709552,6471,2021-11-21,451063,7980,2,132,1,67
9645647,7073,2022-07-09,707566,10028,0,393,6,400
8741908,6448,2021-11-10,402670,8897,2,661,17,520
8973354,6558,2021-12-31,421438,7853,0,150,1,151
9536838,7114,2022-06-10,684328,8770,2,405,11,593
8747783,6214,2021-10-02,387470,10531,0,168,6,205
7608600,5660,2021-04-10,206643,5057,0,44,9,175
10761950,7445,2022-11-12,1072265,12103,0,306,3,207
8251460,6083,2021-08-28,389277,10176,0,78,4,850
11043932,7423,2022-12-09,1193057,11632,1,314,11,338
9611054,7094,2022-05-25,682563,9199,9,342,28,357
9706364,7141,2022-07-28,778474,11052,9,663,18,350
8161114,5883,2021-08-04,362559,10167,12,167,17,241
9006962,6538,2022-02-24,365299,5626,5,353,5,281
9567039,7049,2022-05-20,716126,8575,1,291,15,475
11207932,7456,2022-12-15,1163585,11830,5,343,10,243
9790945,7188,2022-08-22,699771,9420,4,219,17,402
8748115,6400,2021-11-03,495441,10251,7,505,78,583
10784966,7435,2022-11-01,1066704,12232,16,70,27,681
6130131,5493,2021-03-07,111530,2155,0,9,1,1
9222456,6780,2022-03-25,551946,8509,1,299,14,464
11257487,7483,2022-12-21,1148041,11088,12172,11226,8,30
9379043,6943,2022-05-03,587198,8136,12,281,20,412
9553492,7150,2022-06-21,688987,9651,6,363,11,402
9241103,6710,2022-03-16,525501,8404,3,429,10,392
7924023,5684,2021-05-11,237288,7290,10,49,20,176
9657548,7179,2022-08-15,708541,9593,8,347,24,387
7240813,5570,2021-03-16,111984,2365,7,10,43,79
9036400,6580,2022-01-08,397965,7814,0,110,0,124
8791061,6440,2021-11-09,459523,10409,8,1920,22,416
8746720,6241,2021-10-14,419701,10300,8,210,48,398
9879678,7200,2022-08-11,759781,9449,11,451,16,453
7999050,5688,2021-05-28,264881,10681,2,44,2,45
7296236,5612,2021-03-22,131041,2901,6,61,4,36
8624936,6216,2021-10-06,415848,10472,18,124,22,294
8254414,6170,2021-09-08,420352,10672,9,88,23,520
8080139,5754,2021-06-25,303596,10490,0,82,12,44
9746266,7200,2022-08-13,740342,9053,0,248,1,280
9479989,7017,2022-07-03,646456,9353,0,334,0,298
8257201,6209,2021-09-14,431839,10847,5,137,38,260
9992797,7193,2022-08-23,750231,9543,7,411,8,316
9730910,7158,2022-08-03,747199,9985,19,316,29,471
9599317,7078,2022-05-27,685482,8804,0,177,3,143
9242291,6849,2022-04-07,541988,7918,4,367,8,320
8150700,5881,2021-08-03,351823,9999,3,110,13,111
7604293,5674,2021-04-14,184691,5091,12,185,23,41
9687682,7031,2022-06-30,735993,9869,0,350,15,407
8687387,6477,2021-11-28,442331,7837,10,97,0,69
9007052,6575,2022-01-26,382715,6807,6,332,15,552
8790634,6324,2021-10-27,464101,10384,16,263,22,403
9766056,7162,2022-08-02,730020,10219,12,510,4,321
11148251,7456,2022-12-14,1177592,11711,1,460,16,610
9905620,7206,2022-08-29,704198,9509,6,377,19,538
10704494,7428,2022-11-04,1076197,11959,0,348,14,445
9546534,7129,2022-06-14,651031,8803,7,399,14,355
8655577,6209,2021-10-04,375938,10426,3,0,2,99
9620057,7113,2022-07-18,710738,10623,23,303,18,481
9166321,6864,2022-04-17,551728,8690,2,265,1,209
7697793,5692,2021-04-26,181284,6423,4,49,3,118
8157467,5910,2021-08-11,351852,10083,6,109,33,178
8150146,5771,2021-07-09,347074,9377,93,58,8,121
9208393,6808,2022-03-31,496474,7199,12,427,20,872
10285339,7230,2022-09-23,884338,9839,2,293,29,535
9435628,6967,2022-05-10,663697,9071,3,726,14,336
8039386,5813,2021-07-25,338187,10182,11,208,1,137
7490421,5657,2021-04-03,171546,4006,1,13,14,160
9045837,6541,2022-01-06,388541,7141,3,178,5,168
9431246,6931,2022-05-05,594580,7980,8,515,20,827
11023729,7424,2022-12-08,1156396,11652,3,362,6,315
8593366,6108,2021-09-16,430595,10902,8,228,13,157
10146693,7240,2022-09-13,778566,9384,13,404,19,273
8089582,5746,2021-07-03,337137,10157,1,59,0,64
9506621,7048,2022-07-11,659994,9790,9,319,30,490
9135779,6688,2022-03-08,524443,8453,3,412,11,476
8645280,6449,2021-11-15,421814,9518,10,739,11,306
7597888,5664,2021-04-11,185493,5187,0,45,4,18
8170970,5977,2021-08-17,349028,10192,6,76,39,87
7281370,5588,2021-03-14,123143,2315,1,9,2,24
10629461,7350,2022-10-19,1045881,11384,7,435,14,531
8058783,5745,2021-06-27,317630,10583,11,53,0,102
9643176,7121,2022-07-25,742428,10794,1,227,14,558
9431222,6924,2022-05-07,580455,7604,0,297,0,428
9007231,6545,2022-02-22,368097,5761,3,343,11,387
8035009,5711,2021-06-09,322178,12534,16,1276,16,345
9006857,6576,2022-01-21,389779,7014,1,274,10,304
8675414,6325,2021-10-28,461788,10645,1,160,17,491
8178505,6004,2021-08-18,349731,10227,11,1740,20,159
7963654,5648,2021-05-23,264660,10966,4,50,2,204
7793267,5721,2021-05-04,175478,6098,7,35,12,441
9470652,7133,2022-06-19,669197,9313,7,237,0,258
9128269,6773,2022-03-28,522020,8633,2,216,25,366
10593396,7348,2022-10-18,971772,11465,10,479,22,421
9010697,6581,2022-01-17,396269,7314,4,328,1,233
8917110,6557,2021-12-27,405145,7922,4,40,1,43
9426243,7042,2022-05-15,615485,8352,2,267,0,365
10970673,7439,2022-12-01,1147276,11472,7,468,22,566
8011517,5752,2021-06-19,343880,13332,0,0,0,0
7568031,5655,2021-04-12,178483,5160,3,20,4,36
8599187,6107,2021-09-21,407691,10739,12,154,13,113
9220166,6748,2022-03-19,517767,8036,0,279,2,260
10855940,7431,2022-11-23,1081446,11277,0,114,5,29
8102918,5750,2021-06-30,354397,9967,15,42,20,94
6092681,5477,2021-03-09,107590,2126,8,10,52,18
8167694,5970,2021-08-15,350761,10189,4,113,3,77
7681434,5697,2021-04-24,191944,6079,0,3,15,282
11010732,7424,2022-12-07,1157005,11750,4,431,22,351
8642572,6149,2021-09-22,418609,10877,13,82,24,308
8011517,5752,2021-06-18,343880,13332,0,0,17,353
8097112,5690,2021-06-04,293728,11078,0,113,15,160
7406375,5644,2021-03-28,159450,3567,0,0,0,294
8949836,6572,2021-12-19,379534,7966,2,97,0,151
8763186,6501,2021-12-05,433518,8895,3,14,7,193
9010697,6581,2022-01-14,402804,7571,0,271,3,324
9543699,7151,2022-08-08,706558,10161,6,693,15,460
9877437,7187,2022-08-12,743134,8999,0,435,20,504
8019944,5726,2021-06-15,356693,12829,51,817,10,149
7185224,5528,2021-03-03,108498,2044,2,24,32,37
8815153,6533,2021-12-13,421471,7874,5,235,8,291
9537207,7134,2022-06-09,694203,9313,5,716,9,354
8683134,6262,2021-10-19,365898,10100,21,467,23,206
8157466,5908,2021-08-12,348973,9953,32,159,38,63
8167031,5951,2021-08-13,349004,10080,2,91,29,313
8963365,6560,2022-01-10,390944,7821,5,164,7,232
8068662,5987,2021-07-17,331494,9671,0,45,2,93
8251859,6098,2021-09-01,406524,10205,10,396,19,186
11239551,7457,2022-12-16,1109489,11689,0,194,26,42
8734059,6467,2021-11-16,434788,9206,6,1374,23,529
10489689,7306,2022-10-09,863461,10972,1,323,1,362
10020259,7219,2022-08-27,760483,9571,1,268,0,330
10110284,7230,2022-09-09,751122,9374,0,299,21,356
8655455,6324,2021-10-31,463407,10610,9,115,7,224
9010697,6581,2022-01-19,393482,7143,11,359,9,306
8894144,6552,2021-12-11,432662,8214,5,398,2,268
7363317,5614,2021-03-21,135350,2819,0,10,1,51
8854791,6505,2021-12-02,433317,7932,2,425,21,573
8779427,6456,2021-11-13,429820,8603,0,299,8,725
7344899,5636,2021-03-24,138883,2965,15,29,30,198
10924497,7448,2022-11-30,1158691,11537,10,309,16,311
9081626,6673,2022-03-06,509925,8557,7,303,2,176
9207331,6788,2022-03-26,525134,8683,0,310,2,252
8922039,6554,2021-12-28,409872,7929,3,94,3,75
10699510,7430,2022-10-29,1081528,12183,0,344,1,356
9096357,6858,2022-04-18,552913,8640,9,350,13,392
9484092,7072,2022-06-03,682803,8617,2,294,18,404
8255629,6182,2021-09-09,426100,10874,12,157,15,204
8946125,6554,2022-01-04,417925,7852,6,220,5,222
8067045,5743,2021-06-23,326129,12257,7,1878,19,135
7566570,5654,2021-04-13,177532,5177,5,393,15,320
11138088,7456,2022-12-19,1159665,11297,1,267,12,50
9095046,6852,2022-04-19,546404,8383,6,931,14,397
10850896,7437,2022-11-19,1063329,11751,1,86,1,18
9155872,6690,2022-03-10,515009,8286,8,486,10,316
8253939,6129,2021-09-03,398633,9974,0,112,4,158
8257178,6200,2021-09-12,432570,10869,30,115,2,123
10672099,7407,2022-10-31,1018683,12023,10,456,16,546
8823590,6425,2021-11-05,480501,10306,1,306,3,440
8798237,6497,2021-12-01,482121,7856,4,549,21,597
7365062,5628,2021-03-19,131730,2803,6,113,15,211
8722227,6376,2021-11-02,477418,10959,10,1040,17,255
8101920,5778,2021-07-10,355476,9437,1,64,1,82
8046288,5811,2021-07-26,335128,10104,6,82,4,143
9385652,7086,2022-06-07,650998,8820,6,503,25,462
8778272,6283,2021-10-17,399281,10314,0,431,2,118
9478793,7087,2022-06-04,667971,8699,0,173,6,365
8721005,6207,2021-10-09,387649,10137,0,131,22,256
9179237,6771,2022-03-24,537674,8466,5,462,19,441
7591912,5670,2021-04-21,173455,5928,7,85,13,123
9187721,6728,2022-03-23,533105,7643,8,442,17,476
8782175,6427,2021-11-06,476278,10394,0,324,4,319
9125294,6682,2022-03-05,519421,8524,0,187,1,272
9275494,6862,2022-04-14,620648,8690,5,373,31,854
9010697,6581,2022-01-13,406540,7750,0,295,7,193
8051731,5682,2021-06-07,295018,11989,8,80,14,264
8654074,6146,2021-09-26,368254,10553,7,121,0,120
9060776,6576,2021-12-22,484427,8092,0,274,5,187
9336911,6896,2022-04-22,584467,8461,0,492,11,599
9011419,6572,2022-02-02,393616,6427,10,329,14,391
9431232,6925,2022-05-08,577793,7541,2,433,0,303
9338614,6886,2022-04-23,569919,8033,0,263,6,339
9007541,6555,2022-02-13,376274,6091,13,177,0,207
9257047,6847,2022-04-09,569748,7891,2,313,6,506
8257037,6193,2021-09-10,425559,10885,13,212,20,200
7614407,5692,2021-04-18,182897,5987,2,8,0,15
9165754,6702,2022-03-20,476504,7597,2,228,5,186
9227047,6840,2022-04-05,548915,8436,6,724,2,186
10704526,7417,2022-11-06,1056475,11348,5,376,7,273
10351661,7245,2022-09-24,868276,10014,0,0,1,271
9547575,7112,2022-06-15,656633,8969,6,536,43,469
9685063,7178,2022-08-06,806017,10072,0,351,8,421
8738222,6169,2021-10-01,398651,10725,3,646,14,254
8090718,5740,2021-07-04,317205,10147,3,54,2,80
9007258,6547,2022-02-17,370251,5831,2,332,20,440
9007541,6555,2022-02-11,378057,6118,0,346,10,309
10508964,7318,2022-10-16,970812,11441,3,420,1,403
8107166,5700,2021-06-08,305808,12147,3,13,13,312
9563877,7026,2022-07-02,674644,9402,0,405,1,346
9472751,7013,2022-07-05,660806,9449,5,391,14,367
10693838,7431,2022-11-10,1060542,12054,2,323,15,416
10373750,7283,2022-10-01,877674,10226,0,230,3,369
8992071,6578,2021-12-21,390040,8054,1,149,7,208
10039087,7203,2022-09-03,731390,9482,0,265,3,224
9500927,7092,2022-06-01,670881,8831,6,346,11,366
9007052,6575,2022-01-25,383675,6842,5,252,22,252
9007409,6549,2022-02-14,375043,6046,1,200,10,323
10031585,7222,2022-08-25,787856,9632,12,485,15,349
9363667,7071,2022-05-29,640380,8911,2,323,4,218
10900998,7430,2022-11-29,1082211,11101,8,252,20,606
7378345,5626,2021-03-25,143235,3106,344,6,24,102
8650308,6334,2021-11-01,464996,10909,5,250,35,194
8747499,6206,2021-10-03,382143,10360,2,117,3,199
9688444,7124,2022-07-22,763272,10437,1,534,24,602
9005871,6536,2022-02-25,364067,5607,0,469,16,587
9135353,6681,2022-03-09,513980,8173,12,298,12,470
9007231,6545,2022-02-23,367905,5754,13,433,16,466
7793036,5722,2021-05-05,203206,6358,13,60,19,470
8054447,5795,2021-07-23,361931,9847,2,64,14,118
7406958,5629,2021-03-26,159293,3226,3,26,15,51
8782975,6467,2021-11-12,437546,8913,3,386,6,304
8811762,6315,2021-10-26,455397,10150,24,235,24,402
8257176,6198,2021-09-11,432153,10862,0,131,12,146
10205115,7221,2022-09-18,792562,9211,18,247,2,276
10113496,7238,2022-09-10,773477,9413,2,336,0,294
7484914,5660,2021-04-04,164984,4153,1,23,2,35
10967439,7417,2022-12-02,1126006,11210,0,255,24,303
10721411,7421,2022-10-27,1085350,11844,8,515,16,898
8758068,6494,2021-11-24,455103,7983,0,210,9,136
8103647,5791,2021-07-13,345341,9445,7,74,12,93
9075068,6549,2022-01-05,412632,7460,8,358,9,314
10870867,7429,2022-11-24,1078148,11181,1,47,2,23
9546945,7130,2022-06-18,667542,8984,0,346,2,370
9448788,7059,2022-05-23,631851,8847,2,236,14,504
9428329,6978,2022-05-12,622401,8400,5,370,9,430
8764623,6500,2021-12-06,430830,9097,6,601,11,292
8682095,6159,2021-09-25,391185,10547,2,96,2,124
9199909,6833,2022-04-02,500967,7494,0,280,0,389
10547625,7336,2022-10-13,952466,11177,14,378,26,919
7342189,5629,2021-03-20,136858,2834,1,34,20,59
10141393,7229,2022-09-07,747195,9300,8,320,18,320
9496139,7073,2022-05-28,658921,8780,0,421,1,461
9139223,6695,2022-03-11,504407,8205,0,405,17,373
10155939,7214,2022-09-16,771241,9086,0,428,11,503
9010697,6581,2022-01-18,394870,7194,5,281,5,298
9442865,6990,2022-05-11,634216,8586,3,298,33,385
10860126,7462,2022-11-16,1134047,11781,4,613,7,663
8989458,6564,2022-01-09,387352,7819,2,97,0,101
8930027,6559,2021-12-25,418202,7972,0,186,1,167
8777695,6483,2021-11-30,458597,7848,9,223,17,200
8254304,6132,2021-09-04,403891,10222,0,107,2,352
8971661,6557,2022-01-01,435158,7859,0,120,1,152
8695691,6141,2021-09-27,385532,10553,6,104,14,116
10816087,7439,2022-11-18,1114406,11933,0,161,11,17
9871499,7208,2022-08-21,719922,9060,5,412,0,251
9005871,6536,2022-02-28,361771,5595,4,295,9,296
7439652,5639,2021-03-27,161384,3232,1,16,18,335
10728467,7445,2022-11-08,1138371,12023,5,442,22,427
11216659,7476,2022-12-17,1145231,11569,1,82,0,7
9563694,7057,2022-07-10,675839,9878,8,319,0,329
9691776,7142,2022-07-21,783225,11145,19,688,11,364
10728065,7429,2022-11-09,1127517,11597,15,408,7,491
8723461,6297,2021-10-25,447775,10256,4,285,2,154
9213182,6740,2022-03-22,509637,8000,5,312,7,347
10367026,7287,2022-09-30,868330,10563,0,447,20,563
10013115,7198,2022-09-04,690186,9396,0,249,1,253
7477616,5655,2021-04-05,173109,4155,4,9,6,20
7921967,5680,2021-05-16,262029,7803,100,26,1,195
8809983,6308,2021-10-21,413875,10084,3,247,29,251
9007055,6576,2022-01-24,384720,6865,4,196,5,228
8058278,5678,2021-05-27,287368,11005,8,415,27,134
9583712,7162,2022-08-07,713194,10124,9,147,1,225
9007255,6546,2022-02-20,368206,5777,1,219,2,420
7392329,5626,2021-03-29,155205,3836,2,16,1,68
8257179,6199,2021-09-13,432825,10870,3,174,9,141
7697788,5689,2021-04-27,180023,6375,4,130,16,38
10293244,7280,2022-10-03,847085,10613,3,515,20,570
10009951,7214,2022-09-12,742261,9305,2,300,25,361
7976512,5702,2021-05-13,271294,7804,9,158,17,69
8954242,6570,2021-12-20,380603,8032,3,116,3,152
8724238,6467,2021-11-29,451368,7822,6,65,10,74
8571260,6121,2021-09-15,423277,10917,19,116,18,110
9141086,6848,2022-04-11,529276,8326,2,183,9,313
8710569,6235,2021-10-13,379338,10152,19,193,9,218
10704529,7418,2022-11-05,1063668,11556,0,327,3,360
8818790,6521,2021-12-07,444103,8742,12,1175,26,495
9539961,7078,2022-05-21,677113,9092,0,305,3,370
10808055,7411,2022-11-26,1089961,11070,0,50,0,34
9688892,7024,2022-07-01,713654,9183,0,420,0,381
10101220,7216,2022-09-02,759673,9553,0,308,2,274
8903699,6549,2021-12-15,423794,7974,1,342,18,435
8150071,5880,2021-08-05,353119,10126,5,110,25,135
7330384,5605,2021-03-18,134838,2666,3,10,34,89
7470654,5656,2021-04-06,172792,4168,10,13,12,75
8675408,6323,2021-10-29,456992,10539,7,497,10,141
8088330,5754,2021-07-01,353456,10025,2,76,15,134
8963850,6551,2022-01-03,410734,7856,6,151,0,143
7650893,5691,2021-04-22,184250,5981,16,40,18,53
9010697,6581,2022-01-16,398295,7414,12,282,0,221
7196728,5562,2021-03-11,112469,2205,8,10,28,14
10538685,7315,2022-10-12,950919,10986,11,656,13,472
9386686,6914,2022-04-29,577628,7706,2,301,10,372
8697905,6165,2021-09-28,400895,10627,20,134,24,244
9044279,6410,2022-03-01,383708,5616,3,435,12,392
7997205,5636,2021-05-18,267572,8079,8,60,38,177
9549514,7080,2022-05-24,674158,9234,4,403,7,307
9053104,6510,2022-03-02,431500,6182,5,366,15,564
8029655,5773,2021-07-20,323065,9635,0,28,17,112
8029595,5975,2021-07-19,323843,9697,4,46,13,106
7997735,5665,2021-05-25,292274,11274,8,485,18,217
9007036,6574,2022-01-28,381800,6739,0,289,10,377
8073665,5736,2021-07-05,331411,10181,4,313,0,96
7815000,5712,2021-04-30,216472,6730,2,23,33,75
8697213,6418,2021-11-07,436614,10326,5,210,3,240
10208071,7244,2022-09-17,800475,9501,1,301,1,256
8655572,6207,2021-10-05,375938,10426,6,241,8,1
9735929,7120,2022-07-24,753407,10352,12,477,2,529
9190114,6706,2022-03-12,520659,8296,0,209,5,340
9386689,6912,2022-04-30,573510,7563,2,258,4,246
8722141,6222,2021-10-07,391564,10587,3,128,28,259
9230600,6843,2022-04-06,539285,7986,4,572,29,669
10132989,7233,2022-09-14,831222,9233,24,373,18,484
11095481,7435,2022-12-10,1173705,11633,1,249,2,233
9007409,6549,2022-02-15,375383,6053,6,391,9,286
10862604,7434,2022-11-22,1055894,11393,0,170,10,62
7135323,5496,2021-03-01,106502,2028,1,0,5553,2089
8042071,5686,2021-06-06,294281,11587,12,13,0,169
9786668,7108,2022-07-15,752197,10625,1,350,21,444
9011404,6568,2022-02-03,392087,6394,2,338,11,446
10978684,7442,2022-12-06,1142999,11713,13,362,22,384
9805507,7207,2022-08-16,744333,9721,3,441,13,390
8721837,6492,2021-11-23,448952,8048,1,185,7,134
8082375,5756,2021-07-02,347424,10066,0,29,3,102
8019086,5652,2021-05-22,291849,9880,0,376,0,590
9602539,7096,2022-07-19,704788,10351,6,314,25,509
8254310,6132,2021-09-06,409066,10371,14,164,17,215
8174123,6036,2021-08-21,338888,7532,1,172,0,184
8730051,6486,2021-11-18,468317,8344,8,363,16,424
9694733,7139,2022-07-29,742720,10818,3,447,33,417
6178209,5523,2021-03-10,112949,2167,4,10,20,33
9111592,6822,2022-04-04,503345,7958,0,105,12,422
10229756,7221,2022-09-26,818008,10157,5,507,21,923
9242275,6842,2022-04-08,530448,7542,3,104,11,491
9645937,7030,2022-07-06,686385,9856,3,640,23,447
7990914,5712,2021-06-13,319922,12528,4,276,2,359
7851996,5700,2021-05-06,238373,7635,4,471,12,480
8144965,6045,2021-07-30,360793,10265,3,137,25,201
8729035,6223,2021-10-10,402779,10266,0,229,1,196
9011404,6568,2022-02-04,391663,6375,18,323,17,287
7622410,5667,2021-04-16,182358,5100,9,47,15,542
7591915,5672,2021-04-20,180790,6015,19,97,28,40
7815287,5740,2021-05-01,204027,6811,1,196,1,61
9342138,6896,2022-04-21,591400,8307,16,294,14,224
9240121,6709,2022-03-17,515316,8060,5,380,27,425
10815478,7448,2022-11-15,1038402,12029,15,888,16,609
9011365,6565,2022-02-07,387611,6336,6,337,17,330
8579892,6115,2021-09-17,404380,10868,1,147,8,250
9386679,6911,2022-05-01,569134,7429,3,184,0,225
9007597,6559,2022-02-10,381459,6210,5,372,14,420
8251442,6086,2021-08-31,405812,10116,4,61,19,174
8005732,5676,2021-05-31,270645,11486,5,319,3,328
9921279,7210,2022-08-18,758718,9535,6,449,18,467
9504736,7100,2022-06-08,663991,8702,6,255,19,527
9070507,6684,2022-03-15,504059,8204,4,384,17,336
8080141,5755,2021-06-24,308790,10733,8,177,16,173
10415186,7307,2022-10-11,828857,10986,3,581,21,537
10250963,7239,2022-09-22,943938,9823,4,426,26,605
10527767,7304,2022-10-08,918152,10888,1,366,2,358
8150063,5877,2021-08-06,350703,9989,5,176,10,140
7478179,5649,2021-04-01,166948,3975,10,47,18,161
8041237,5687,2021-06-05,300425,11778,1,227,4,928
8708875,6270,2021-10-18,362596,10030,4,209,0,329
8251298,6076,2021-08-27,362104,8894,2,109,20,1295
9936185,7208,2022-08-28,741349,9588,5,468,0,386
9379193,6934,2022-05-04,576853,7882,16,416,6,454
7999046,5686,2021-05-29,263685,10638,0,141,2,622
10821891,7423,2022-11-21,1044513,11570,4,232,3,42
10594847,7399,2022-10-23,975308,11601,4,364,1,296
10822133,7428,2022-11-20,1063969,11683,2,105,3,17
8157075,5874,2021-07-31,350726,10242,2,113,18,79
9005871,6536,2022-02-26,362980,5585,0,264,3,258
9459432,7014,2022-07-04,639421,9372,3,375,2,476
8251472,6085,2021-08-29,412237,10383,4,10,0,133
10091086,7202,2022-09-20,760826,9132,2,344,15,368
7776259,5809,2021-07-22,364627,9940,15,92,14,171
7976520,5706,2021-05-12,279639,8029,11,225,17,436
9181003,6875,2022-04-25,545769,8016,5,364,28,325
9007255,6546,2022-02-21,367762,5749,3,265,3,269
10031763,7223,2022-08-26,741090,9453,1,338,13,435
8108754,5863,2021-08-02,337677,9946,4,134,11,119
9665378,7136,2022-07-31,725223,10608,5,1035,3,301
10717832,7424,2022-10-28,1097228,12217,1,528,23,599
10387930,7308,2022-10-04,870319,10727,16,494,19,890
9643140,7118,2022-07-26,737691,10587,33,563,8,188
8053100,5706,2021-06-10,329734,11574,6,66,27,558
10673110,7401,2022-10-22,1022629,11419,0,368,1,325
10659948,7359,2022-10-20,1054612,11535,10,469,18,527
10784706,7414,2022-11-27,1048001,11066,4,37,1,25
9234893,6906,2022-05-02,551333,7774,4,303,9,360
9328124,6940,2022-05-09,605506,8852,5,328,15,528
11008931,7420,2022-12-12,1119497,11536,1,368,20,441
9254940,6875,2022-04-16,594184,8710,0,333,1,300
7972167,5674,2021-05-30,250712,10605,2,227,2,448
9618609,7106,2022-06-23,728931,9624,3,447,17,451
9426195,7036,2022-05-14,621284,8523,0,341,12,425
8839893,6522,2021-12-09,443513,8098,12,273,17,337
8752849,6493,2021-11-25,456938,7919,2,142,6,110
8648915,6453,2021-11-14,443890,9484,7,333,2,605
9871503,7210,2022-08-20,722754,9149,3,352,3,379
10642799,7413,2022-10-30,1036759,12187,4,520,1,324
10818512,7425,2022-12-05,1097698,11554,7,337,19,367
10112100,7236,2022-09-11,766639,9107,3,322,2,253
8704208,6479,2021-11-22,448079,7973,2,70,10,109
9007036,6574,2022-01-27,382426,6772,3,370,11,443
8704550,6480,2021-11-27,447015,7849,0,71,0,77
9440852,7048,2022-05-17,661850,8798,7,380,25,424
8919429,6556,2021-12-26,407179,7945,0,85,1,56
10912659,7411,2022-12-03,1105358,11015,10,217,0,206
9641329,7046,2022-07-08,682751,9385,0,383,20,468
9109708,6679,2022-03-04,513563,8503,0,298,8,373
9007036,6574,2022-01-30,380209,6710,2,245,1,217
8174104,6033,2021-08-23,347626,7666,11,60,19,134
9550120,7157,2022-06-17,681202,9388,2,319,27,425
7976499,5651,2021-05-24,270663,11110,12,256,18,446
7792555,5730,2021-05-02,186546,6633,10,188,2,269
10045385,7204,2022-09-06,696453,9347,5,345,17,292
7590868,5667,2021-04-08,188305,4296,7,12,12,332
8709200,6338,2021-10-30,512373,10890,0,248,8,578
8174155,6037,2021-08-24,352589,7756,7,92,16,156
8158468,5876,2021-08-08,418666,10076,1,97,1,107
9887779,7204,2022-08-17,757045,9650,10,436,30,326
9500855,7080,2022-06-02,660767,8553,9,264,15,343
9542016,7035,2022-06-25,737764,9747,1,255,1,276
9367154,6933,2022-04-27,615052,8083,7,505,22,325
9568424,7062,2022-05-19,726915,8963,5,450,4,373
8986031,6570,2022-01-11,415843,7891,3,203,3,220
9409306,7069,2022-05-30,629415,8821,4,405,5,205
8679481,6220,2021-10-11,372639,10192,4,304,2,163
10416620,7309,2022-10-10,837797,11341,3,399,14,415
8124824,5859,2021-08-10,328416,9625,11,226,17,169
7398491,5627,2021-03-30,153928,3887,2,7,32,55
8714263,6296,2021-10-24,439050,10151,1,121,2,211
8124828,5860,2021-08-09,330487,9727,8,101,9,116
7264742,5557,2021-03-13,118988,2196,0,9,21,25
8829838,6514,2021-12-03,443633,8098,2,1,16,577
7491417,5650,2021-04-02,175526,4059,7,102,13,32
9011361,6563,2022-02-08,383549,6285,11,316,23,375
8909660,6540,2021-12-14,420722,7922,9,247,9,218
7594147,5655,2021-04-15,180584,4917,12,11,24,580
9011457,6575,2022-02-01,394760,6649,9,648,10,367
9352757,7041,2022-05-13,647734,8830,2,354,57,291
9011404,6568,2022-02-05,389114,6340,0,231,6,376
10680004,7413,2022-10-26,1027073,11679,4,499,28,619
10127625,7211,2022-09-15,824142,8940,4,368,17,447
8708561,6481,2021-11-26,453297,7859,0,75,0,62
8061495,5771,2021-07-11,325037,9741,5,348,4,363
9120607,6775,2022-03-27,517100,8605,5,241,0,242
9502970,7090,2022-06-05,655977,8858,5,326,2,258
10177961,7227,2022-09-25,825494,10280,4,611,0,0
9226267,6811,2022-03-30,517710,7805,10,927,22,569
8167692,5969,2021-08-14,351118,10191,2,80,7,92
9064085,6675,2022-03-07,586603,8504,9,443,12,325
8683929,6141,2021-09-23,440669,11206,6,169,9,284
10784648,7418,2022-11-02,1057679,12233,17,892,24,478
8506349,6103,2021-09-20,388099,10803,9,97,38,287
7994678,5708,2021-06-14,321163,12531,11,105,16,203
8254306,6131,2021-09-07,409315,10308,21,79,30,127
8112334,5866,2021-08-01,343824,10206,17,294,3,100
9141081,6846,2022-04-12,524157,8181,19,723,12,254
9517133,7134,2022-06-11,679977,9216,0,237,6,272
7810909,5827,2021-07-24,345968,10107,0,22,4,109
7836597,5686,2021-05-09,226907,7734,7,182,3,273
9623409,7063,2022-06-24,742041,9920,0,352,22,352
10794133,7419,2022-11-25,1099910,11068,0,42,4,26
9258730,6894,2022-04-20,605453,8127,4,240,16,350
9017251,6577,2021-12-23,423471,8021,0,192,3,200
6182810,5493,2021-03-06,113227,2130,0,32,23,55
9612052,7190,2022-08-14,711446,9475,4,237,3,307
10664895,7350,2022-10-21,1010433,11590,0,541,71,699
7834097,5704,2021-05-08,241664,7640,0,280,4,216
8002938,5647,2021-05-19,282794,8170,8,136,24,749
8085043,5772,2021-06-22,364432,13244,36,1014,12,119
7793417,5722,2021-05-03,185935,6508,7,384,13,278
10447770,7303,2022-10-05,885831,10527,8,312,22,574
7550158,5660,2021-04-07,184909,4225,0,2,15,60
11145218,7447,2022-12-13,1165074,11492,2,452,23,467
10445168,7306,2022-10-06,910696,10975,14,600,12,388
9678055,7127,2022-08-01,712990,9871,1,266,21,489
10850145,7432,2022-12-04,1088176,11533,10,264,3,191
9094094,6826,2022-04-03,495787,7880,6,210,0,296
8767171,6309,2021-10-23,464113,10244,0,233,4,218
9703753,7189,2022-08-09,779552,9920,4,408,19,461
9729902,7138,2022-08-04,741469,9774,1,448,27,432
8722147,6221,2021-10-08,388902,10436,30,568,3,35
10547209,7316,2022-10-14,945016,10934,0,399,9,510
8706769,6180,2021-09-30,421067,10883,13,145,56,267
8130123,5793,2021-07-14,353006,9532,11,156,10,100
7597988,5677,2021-04-19,180428,5993,10,18,5,40
7798993,5703,2021-04-29,206206,6702,10,28,30,341
8984158,6568,2021-12-16,408293,8071,4,360,33,276
6112639,5489,2021-03-08,109857,2139,16,10,1,1
10604185,7392,2022-10-24,961641,11453,14,378,12,563
9007541,6555,2022-02-12,377304,6108,1,327,2,329
9719867,7142,2022-07-20,758648,11074,5,318,17,288
10523983,7310,2022-10-17,941650,11422,6,426,12,411
8171075,5763,2021-07-08,346536,9322,6,85,14,147
8809852,6513,2021-12-04,462547,8722,0,0,1,228
9011404,6568,2022-02-06,387728,6341,9,252,0,208
8964814,6582,2021-12-17,405594,7951,0,179,9,227
7299674,5563,2021-03-12,126354,2207,4,12,12,115
9478518,6991,2022-06-27,672437,9541,13,385,14,415
8088697,5738,2021-07-06,321760,9954,6,924,13,118
9007255,6546,2022-02-18,369946,5821,3,235,19,327
8039768,5722,2021-06-11,329160,12110,7,175,4,691
9421163,7108,2022-06-13,663745,9219,20,553,17,475
8064540,5984,2021-07-16,331328,9564,0,47,8,161
10622114,7326,2022-10-15,978705,11444,0,724,0,370
9069593,6692,2022-03-14,505189,8316,4,247,8,226
8129959,5869,2021-07-29,370804,10257,19,152,16,173
7203828,5524,2021-03-05,119574,2172,8,22,11,46
9539951,7077,2022-05-22,667320,8785,4,306,2,221
9007255,6546,2022-02-19,368831,5771,0,471,2,157
8252142,6113,2021-09-02,397315,10001,0,192,25,196
8816329,6534,2021-12-08,445150,7979,16,383,10,464
8749946,6410,2021-11-04,468327,10196,5,301,28,339
9010655,6579,2022-01-20,391857,7099,7,236,7,372
8804080,6537,2021-12-12,408974,8038,5,271,4,124
8752132,6487,2021-11-20,473969,8035,0,122,3,94
9007055,6576,2022-01-23,385547,6905,4,194,2,208
9007600,6560,2022-02-09,382319,6253,13,429,16,462
9102565,6673,2022-03-03,517216,8573,3,392,13,316
9431232,6925,2022-05-06,585435,7722,0,160,11,466
8951479,6588,2021-12-18,395633,7953,0,151,0,197
10235600,7256,2022-09-21,819255,9744,28,569,11,517
9470035,7060,2022-05-18,663612,8748,13,292,22,457
9257893,6847,2022-04-10,547979,8111,2,274,1,307
9199912,6834,2022-04-01,519894,8127,0,692,10,527
9753693,7182,2022-08-05,755011,10317,0,492,11,656
7418832,5656,2021-03-31,166160,3936,20,17,16,59
9007259,6548,2022-02-16,373933,6003,9,520,10,438
9477806,6986,2022-06-28,666958,9295,2,536,22,367
7645421,5692,2021-04-17,193877,6029,1,250,19,199
7985048,5705,2021-05-14,258807,7773,5,272,12,157
9299222,7026,2022-05-16,604358,8463,3,351,5,278
9297919,6882,2022-04-24,581747,8146,4,557,2,264
8105558,5682,2021-06-03,285699,11792,12,108,14,103
9871505,7211,2022-08-19,744511,9858,1,902,10,525
9772807,7118,2022-07-16,746441,10689,2,428,0,325
8072229,5766,2021-07-12,329472,9380,7,54,22,116
7716685,5701,2021-04-25,188089,6339,1,8,4,93
8747690,6454,2021-11-11,421461,8789,10,323,13,501
8670120,6145,2021-09-24,421342,11203,1,816,25,185
8174503,6045,2021-08-25,355502,7865,12,113,25,144
7656504,5700,2021-04-23,193366,6032,11,60,17,102
10039055,7230,2022-08-30,748134,9660,13,441,8,438
9609688,7073,2022-05-26,672803,8876,4,321,16,156
8052980,5740,2021-06-28,309337,10670,8,916,23,143
7705029,5692,2021-04-28,192729,6364,19,38,18,140
8648138,6220,2021-10-12,379836,10034,1,102,14,181
7929691,5625,2021-05-17,258074,7961,7,39,20,155
8133426,5760,2021-06-29,333382,9926,11,206,21,233
8174124,6036,2021-08-22,335767,7486,13,133,6,367
9367143,6928,2022-04-28,600114,7674,1,347,14,368
8988377,6569,2021-12-24,440614,8025,0,200,0,156
10090848,7217,2022-09-19,769623,9445,15,330,24,478
11006322,7422,2022-12-11,1159698,11580,3,267,0,195
9394689,7088,2022-06-06,653246,8875,5,387,8,405
,,2021-11-08,,,8,423,14,402
,,2022-11-07,,,9,415,16,477
